,conference,acronynm,rank,area_of_research
0,Asian Conference on Machine Learning,ACML,Unranked,Artificial Intelligence and Image Processing†
1,International Conference on Advanced Communications and Computation,INFOCOMP,Unranked,Distributed Computing†
2,"International Conference on Ambient Systems, Networks and Technologies",ANT,Unranked,Distributed computing and systems software
3,"ACIS Conference on Software Engineering Research, Management and Applications",SERA,C,Computer Software†
4,"ACM Conference on Applications, Technologies, Architectures, and Protocols for Computer Communication",SIGCOMM,A*,Computer Software†
5,ACM Conference on Computer and Communications Security,CCS,A*,Computer Software†
6,ACM Conference on Computer Supported Cooperative Work,CSCW,A,Information Systems†
7,ACM Conference on Economics and Computation,EC,A*,Information Systems†
8,ACM Conference on Embedded Networked Sensor Systems,SENSYS,A*,Computer Hardware†
9,ACM Conference on Embedded Software,EMSOFT,A,Communications Technologies†
10,ACM Conference on Object Oriented Programming Systems Languages and Applications,OOPSLA,A*,Computer Software†
11,ACM Information Technology Education,SIGITE,National: USA,Information and Computing Sciences†
12,"ACM International Conference on Advances in Computer Entertainment (merged with DIMEA, Digital Interactive Media in Entertainment and Arts, in 2009)",ACE,B,Design Practice and Management†
13,ACM International Conference on Advances in Geographic Information Systems,SIGSPATIAL,National: USA,Information Systems†
14,ACM International Conference on Emerging Networking Experiments and Technologies,CoNEXT,A,Distributed Computing†
15,ACM International Conference on Information and Knowledge Management,CIKM,A,Information Systems†
16,ACM International Conference on Interactive Surfaces and Spaces (was International Workshop on Horizontal Interactive Human-Computer Systems: Tabletop),ISS,A,Information Systems†
17,ACM International Conference on Knowledge Discovery and Data Mining,KDD,A*,Data Format†
18,ACM International Conference on Mobile Computing and Networking,MOBICOM,A*,Computer Hardware†
19,ACM International Conference on Recommender Systems,RecSys,B,"Rank change from B to A rejected. Borderline, but not unequivocally A.
            
            
            (Data)"
20,ACM International Conference on Research and Development in Information Retrieval,SIGIR,A*,Information Systems†
21,ACM International Conference on Supercomputing,ICS,A,Distributed Computing†
22,ACM International Conference on Web Search and Data Mining,WSDM,A*,"Field of Research 0807 added
            
            
            (Data)"
23,ACM International Joint Conference on Pervasive and Ubiquitous Computing (PERVASIVE and UbiComp combined from 2013),UbiComp,journal published,Distributed Computing†
24,ACM International Symposium on Computer Architecture,ISCA,A*,Computer Software†
25,ACM International Symposium on High Performance Distributed Computing,HPDC,A,Distributed Computing†
26,ACM International Wireless Communications and Mobile Computing Conference,IWCMC,B,Computer Hardware†
27,ACM Multimedia,ACMMM,A*,Design Practice and Management†
28,ACM SIG International Conference on Computer Graphics and Interactive Techniques,SIGGRAPH,A*,Artificial Intelligence and Image Processing†
29,ACM SIGGRAPH/Eurographics Symposium on Computer Animation,SCA,B,Artificial Intelligence and Image Processing†
30,"ACM SIGMOBILE International Conference on Mobile Systems, Applications and Services",Mobisys,B,Distributed Computing†
31,ACM SIGMOD-SIGACT-SIGART Conference on Principles of Database Systems,PODS,A*,Data Format†
32,ACM SIGOPS Symposium on Operating Systems Principles,SOSP,A*,Computer Software†
33,"ACM SIGPLAN Conference on Languages, Tools, and Compilers for Embedded Systems",LCTES,A,Communications Technologies†
34,ACM SIGPLAN Workshop on Partial Evaluation and Program Manipulation,PEPM,B,Computer Software†
35,ACM SIGSIM Conference on Principles of Advanced Discrete Simulation (was Parallel and Distributed Simulation),PADS,B,Distributed Computing†
36,ACM SIGUCCS Conference on User Services,SIGUCCS,National: USA,Other Information and Computing Sciences†
37,ACM Special Interest Group on Computer Science Education Conference,SIGCSE,A,Other Information and Computing Sciences†
38,ACM Special Interest Group on Management of Data Conference,SIGMOD,A*,Data Format†
39,"ACM Symposium on Access Control Models and Technologies (previously ACM Workshop on Role-Based Access Control, RBAC, changed in 2000)",SACMAT,C,Computation Theory and Mathematics†
40,ACM Symposium on Applied Computing,SAC,B,Data Format†
41,ACM Symposium on Document Engineering,DocEng,B,Information Systems†
42,ACM Symposium on Mobile Ad Hoc Networking and Computing,MOBIHOC,A,Data Format†
43,ACM Symposium on Principles of Distributed Computing,PODC,A*,Distributed Computing†
44,ACM Symposium on Solid and Physical Modelling,SPM,B,Computation Theory and Mathematics†
45,ACM Symposium on Theory of Computing,STOC,A*,Computation Theory and Mathematics†
46,ACM Symposium on User Interface Software and Technology,UIST,A,Information Systems†
47,ACM Virtual Reality Software and Technology,VRST,A,Artificial Intelligence and Image Processing†
48,ACM Workshop on Hot Topics in Networks,HOTNETS,National: USA,Communications Technologies†
49,ACM-SIGACT Symposium on Principles of Programming Languages,POPL,A*,Computer Software†
50,ACM-SIGPLAN Conference on Programming Language Design and Implementation,PLDI,A*,Computer Software†
51,ACM-SIGRAPH Interactive 3D Graphics and Games,I3DG,B,Artificial Intelligence and Image Processing†
52,ACM/IEEE International Conference on Distributed Smart Cameras,ICDSC,B,Computer Software†
53,"ACM/IEEE International Conference on Modelling, Analysis and Simulation of Wireless and Mobile Systems",MSWIM,A,Computer Hardware†
54,ACM/IFIP/USENIX International Middleware Conference,Middleware,A,Computer Software†
55,ACM/SIAM Symposium on Discrete Algorithms,SODA,A*,Computation Theory and Mathematics†
56,ACS/IEEE International Conference on Computer Systems and Applications,AICCSA,C,Built Environment and Design†
57,Advanced Concepts for Intelligent Vision Systems,ACIVS,B,Artificial Intelligence and Image Processing†
58,Advanced Visual Interfaces,AVI,B,Artificial Intelligence and Image Processing†
59,Advances in Cryptology,CRYPTO,A*,Data Format†
60,Advances in Modal Logic,AiML,A,Computation Theory and Mathematics†
61,Advances in Neural Information Processing Systems (was NIPS),NeurIPS,A*,Artificial Intelligence and Image Processing†
62,Algorithmic Learning Theory,ALT,B,Computation Theory and Mathematics†
63,Algorithms and Data Structures Symposium (was Workshop on Algorithms and Data Structures),WADS,B,Computation Theory and Mathematics†
64,American Medical Informatics Annual Fall Symposium,AMIA,National: USA,Information Systems†
65,Annual Computer Security Applications Conference,ACSAC,National: usa,Computer Software†
66,Annual Conference of the Cognitive Science Society,CogSci,A,Artificial Intelligence and Image Processing†
67,Annual Conference on Computer Science Logic,CSL,B,Rank: B
68,Annual Conference on Innovation and Technology in Computer Science Education,ITiCSE,A,Other Information and Computing Sciences†
69,"Annual Conference on Privacy, Security and Trust",PST,C,Data Format†
70,Annual International Workshop on Presence,ISPR,B,Artificial Intelligence and Image Processing†
71,Application of Concurrency to System Design,ACSD,B,Distributed Computing†
72,Applications of Information Visualization,IV-App,C,Artificial Intelligence and Image Processing†
73,Applications of Natural Language to Data Bases,NLDB,C,Information Systems†
74,Applied Computing Conference,ACC,C,Information and Computing Sciences†
75,Architectural Support for Programming Languages and Operating Systems,ASPLOS,A*,Computer Software†
76,Artificial Intelligence Applications and Innovations,AIAI,Regional,Artificial intelligence
77,Artificial Intelligence in Medicine in Europe,AIME,B,Artificial Intelligence and Image Processing†
78,"ArtsIT, Interactivity & Game Creation (was International Conference on Arts and Technology)",ArtsIT,C,Information Systems†
79,Asia and South Pacific Design Automation Conference,ASPDAC,C,Computer Hardware†
80,"Asia Conference on Information, Computer and Communications Security",AsiaCCS,B,Computer Software†
81,Asia Information Retrieval Symposium,AIRS,C,"Field of Research 0807 added
            
            
            (Data)"
82,Asia Pacific Conference on Communications,APCC,B,Communications Technologies†
83,Asia Pacific Symposium on Intelligent and Evolutionary Systems (was Australia-Japan Joint Workshop on  Intelligent and Evolutionary Systems),IES,C,Artificial Intelligence and Image Processing†
84,Asia-Pacific Bioinformatics Conference,APBC,B,Computer Software†
85,Asia-Pacific Conference on Conceptual Modelling,APCCM,Australasian B,Computation Theory and Mathematics†
86,Asia-Pacific Conference on Simulated Evolution and Learning,SEAL,B,Artificial Intelligence and Image Processing†
87,Asia-Pacific Network Operations and Management Symposium,APNOMS,C,Distributed Computing†
88,Asia-Pacific Services Computing Conference,APSCC,C,Distributed Computing†
89,Asia-Pacific Software Engineering Conference,APSEC,B,Computer Software†
90,Asian Conference on Computer Vision,ACCV,B,Artificial Intelligence and Image Processing†
91,Asian Conference on Intelligent Information and Database Systems,ACIIDS,Unranked,Artificial intelligence
92,ASIAN Symposium on Programming Languages and Systems,APLAS,B,Computer Software†
93,"Asilomar Conference on Signals, Systems and Computing",ACSSC,National: USA,Communications Technologies†
94,Association for Computer-Aided Architectural Design Research in Asia (CAADRIA) annual conference,CAADRIA,B,Architecture†
95,Association of Computational Linguistics,ACL,A*,Artificial Intelligence and Image Processing†
96,Australasian Computing Education Conference (ACE),ACE,Australasian B,Other Information and Computing Sciences†
97,Australasian Conference on Combinatorial Mathematics and Combinatorial Computing,ACCMCC,Australasian C,Computation Theory and Mathematics†
98,Australasian Conference on Information Security and Privacy,ACISP,Australasian B,Data Format†
99,Australasian Conference on Robotics and Automation,ACRA,Australasian C,Artificial Intelligence and Image Processing†
100,Australasian Database Conference,ADC,Australasian B,Data Format†
101,Australasian Document Computing Symposium,ADCS,Australasian B,"All Australasian conferences given default rank of Australasian
            
            
            (Data)"
102,Australasian Information Security Conference,AISC,Australasian B,"All Australasian conferences given default rank of Australasian
            
            
            (Data)"
103,Australasian Joint Conference on Artificial Intelligence,AI,Australasian C,"All Australasian conferences given default rank of Australasian
            
            
            (Data)"
104,Australasian Language Techology Workshop,ALTA,Australasian B,"All Australasian conferences given default rank of Australasian
            
            
            (Data)"
105,Australasian Speech Science and Technology,SST,Australasian C,Artificial Intelligence and Image Processing†
106,Australasian Symposium on Parallel and Distributed Computing (was AusGrid),AusPDC,Australasian C,"All Australasian conferences given default rank of Australasian
            
            
            (Data)"
107,Australian Computer Human Interaction Conference,OZCHI,Australasian B,Design Practice and Management†
108,Australian Conference on Artificial Life and Computational Intelligence,ACALCI,Australasian B,Artificial Intelligence and Image Processing†
109,Australian Data Mining Conference,AusDM,Australasian B,Data Format†
110,Australian Institute of Computer Ethics Conference,AICE,Australasian C,Information Systems†
111,Australian Software Engineering Conference,ASWEC,Australasian B,Computer Software†
112,Automated Software Engineering Conference,ASE,A,Computer Software†
113,Automation of Software Test,AST,C,Data Format†
114,Body Sensor Networks,BSN,C,Information Systems†
115,British Computer Society Conference on Human-Computer Interaction,HCI,National,Information Systems†
116,Cologne-Twente Workshop on Graphs and Combinatorial Optimization,CTW,C,Computation Theory and Mathematics†
117,Combinatorial Pattern Matching,CPM,B,Data Format†
118,Computability in Europe: Logic and Theory of Algorithms,CiE,C,Computation Theory and Mathematics†
119,Computational Intelligence in Security for Information Systems,CISIS,National: Spain,Computer Software†
120,Computer Aided Verification,CAV,A*,Computation Theory and Mathematics†
121,"Computer Animation, Information Visualisation, and Digital Effects",CAivDE,C,Artificial Intelligence and Image Processing†
122,Computer Graphics International,CGI,B,Artificial Intelligence and Image Processing†
123,Computer Supported Collaborative Learning,CSCL,A,Information Systems†
124,Conference for the International Simulation and Gaming Association,ISAGA,C,Computation Theory and Mathematics†
125,Conference in Uncertainty in Artificial Intelligence,UAI,A*,Artificial Intelligence and Image Processing†
126,Conference of the Association for Machine Translation in the Americas,AMTA,B,Artificial Intelligence and Image Processing†
127,Conference of the Association of Asian-Pacific Operational Research Societies,APORS,C,Computation Theory and Mathematics†
128,Conference of the European Association for Machine Translation,EAMT,B,Artificial Intelligence and Image Processing†
129,Conference of the Pacific Association for Computational Linguistics,PACLING,B,Artificial Intelligence and Image Processing†
130,Conference on Agile Software Development,XP,B,Computer Software†
131,Conference on Algorithmic Aspects in Information and Management,AAIM,C,Information Systems†
132,Conference on Combinatorial Optimization and Applications,COCOA,B,Computation Theory and Mathematics†
133,Conference on Computational Natural Language Learning,CoNLL,A,Artificial Intelligence and Image Processing†
134,Conference on File and Storage Technologies,FAST,A,Data Format†
135,Conference on Fun with Algorithms,FUN,National: Italy,Computation Theory and Mathematics†
136,Conference on Games (was Computational Intelligence and Games CIG),COG,C,Artificial Intelligence and Image Processing†
137,Conference on Information Sciences and Systems,CISS,National: USA,Information Systems†
138,"Conference on Innovation in Clouds, Internet and Networks",ICIN,National: France,CORE does not generally rank conferences held in a single country or region. See CORE website for details.
139,Conference on Innovative Data Systems Research,CIDR,A,Information Systems†
140,Conference on Integer Programming and Combinatorial Optimization,IPCO,A,Computation Theory and Mathematics†
141,"Conference on Interactive Theorem Proving (previously TPHOLs, changed in 2009)",ITP,A,Computation Theory and Mathematics†
142,Conference on Learning Theory,COLT,A*,Artificial Intelligence and Image Processing†
143,Conference on Security and Cryptography for Networks,SCN,National: Italy,Computer Software†
144,"Conference on Software Engineering Education and Training (previously Conference is Software Engineering Education, CSEE, changed in 1997)",CSEET,C,Engineering†
145,Conference on Software in Telecommunications and Computer Networks,SOFTCOM,National: Croatia,Computer Hardware†
146,Conference on Theory and Applications of Models of Computation,TAMC,B,Computation Theory and Mathematics†
147,Conference on Visualization and Data Analysis,VDA,National: USA,Artificial Intelligence and Image Processing†
148,"Cooperative Design, Visualization, and Engineering",CDVE,C,Artificial Intelligence and Image Processing†
149,Current Trends in Theory and Practice of Computer Science,SOFSEM,B,Information and Computing Sciences†
150,Data Compression Conference,DCC,A*,Data Format†
151,Data Warehousing and Knowledge Discovery,DaWaK,B,Data Format†
152,Database Programming Languages,DBPL,B,Data Format†
153,"Design, Automation and Test in Europe Conference",DATE,B,Communications Technologies†
154,Designing Interactive Systems,DIS,B,Design Practice and Management†
155,Developments in eSystems Engineering,DeSE,C,Information and Computing Sciences
156,Developments in Language Theory,DLT,B,Computation Theory and Mathematics†
157,Digital Audio Effects Conference,DAFX,B,Rank: B
158,Digital Games Research Conference,DIGRA,C,Information Systems†
159,Digital Image Computing Techniques and Applications,DICTA,Australasian B,Artificial Intelligence and Image Processing†
160,Discovery Science,DS,Unranked,Theory of computation
161,DNA Computing and Molecular Programming,DNA,B,Artificial Intelligence and Image Processing†
162,Dynamic Languages Symposium,DLS,B,Computer Software†
163,Educational Data Mining,EDM,B,Data Format†
164,"EMAS (merger of DALT, AOSE and PROMAS)",EMAS,B,Computer Software†
165,Empirical Methods in Natural Language Processing,EMNLP,A,Artificial Intelligence and Image Processing†
166,Engineering Interactive Computing Systems,EICS,Unranked,Software engineering
167,Ershov Conference,PSI,National: Russia,Information Systems†
168,ETHICOMP Conference,ETHICOMP,B,Information Systems†
169,EURO AMERICAN CONFERENCE ON TELEMATICS AND INFORMATION SYSTEMS,EATIS,C,Information and Computing Sciences†
170,Euro Virtual Reality,Euro VR,C,Artificial Intelligence and Image Processing†
171,"EuroConference on Combinatorics, Graph Theory and Applications",EUroComb,C,Computation Theory and Mathematics†
172,Eurographics Symposium on Parallel Graphics and Visualization,EGPGV,B,Artificial Intelligence and Image Processing†
173,Eurographics/IEEE Symposium on Visualization,EuroVis,B,Artificial Intelligence and Image Processing†
174,Euromicro Conference on Real-Time Systems,ECRTS,A,Communications Technologies†
175,Euromicro Conference on Software Engineering and Advanced Applications,SEAA,B,Computer Software†
176,"Euromicro International Conference on Parallel, Distributed and Network Based Processing",PDP,C,Distributed Computing†
177,European Association of Computational Linguistics,EACL,A,Artificial Intelligence and Image Processing†
178,European Chapter on Combinatorial Optimization,ECCO,C,Computation Theory and Mathematics†
179,European Conference on Ambient Intelligence,AmI,C,Artificial Intelligence and Image Processing†
180,European Conference on Artificial Intelligence,ECAI,A,Artificial Intelligence and Image Processing†
181,European Conference on Computational Biology,ECCB,B,Computer Software†
182,European Conference on Computer Supported Cooperative Work,ECSCW,B,Information Systems†
183,European Conference on Computer Vision,ECCV,A,Artificial Intelligence and Image Processing†
184,European Conference on Digital Government (was European Conference on e-Government ECEG),ECDG,C,Information Systems†
185,European Conference on Evolutionary Computation in Combinatorial Optimisation,EvoCOP,Unranked,Artificial intelligence
186,European Conference on Genetic Programming,EUROGP,B,Artificial Intelligence and Image Processing†
187,European Conference on Information Retrieval,ECIR,A,Information Systems†
188,European Conference on Machine Learning and Principles and Practice of Knowledge Discovery in Database (PKDD and ECML combined from 2008),ECML PKDD,A,Data Format†
189,European Conference on Object-Oriented Programming,ECOOP,A,Computer Software†
190,European Conference on Operations Research,EURO,C,Computation Theory and Mathematics†
191,European Conference on Pattern Languages of Programs,EuroPLop,National: Germany,Computer Software†
192,European Conference on Software Architecture,ECSA,A,Computer Software†
193,European Conference on Symbolic and Quantitative Approaches to Reasoning with Uncertainty,ECSQARU,C,Artificial Intelligence and Image Processing†
194,European Dependable Computing Conference,EDCC,Unranked,Distributed computing and systems software
195,European MPI Users' Group Conference,EuroMPI,C,Distributed Computing†
196,"European Software Engineering Conference and the ACM SIGSOFT Symposium on the Foundations of Software Engineering (duplicate was listed as ESEC, removed from DB)",ESEC/FSE,A*,Computer Software†
197,European SPI,EuroSPI,B,Information Systems†
198,European Symposium on Algorithms,ESA,A,Computation Theory and Mathematics†
199,European Symposium on Artificial Neural Networks,ESANN,B,Artificial Intelligence and Image Processing†
200,European Symposium on Programming,ESOP,A,Computer Software†
201,European Symposium On Research In Computer Security,ESORICS,A,Computer Software†
202,European Workshop on Computational Geometry,EuroCG,C,Computation Theory and Mathematics†
203,European Workshop on Multi-Agent Systems,EUMAS,C,Artificial Intelligence and Image Processing†
204,European-Japanese Conference on Information Modelling and Knowledge Bases,EJC,C,Data Format†
205,Eurosys Conference,EuroSys,A,Computer Software†
206,Exploring Modelling Methods in Systems Analysis and Design,EMMSAD,C,Information Systems†
207,Extended Semantic Web Conference (was European Semantic Web Conference),ESWC,A,Communications Technologies†
208,Extending Database Technology,EDBT,A,Data Format†
209,Financial Cryptography and Data Security Conference,FC,B,Data Format†
210,Flexible Query-Answering Systems,FQAS,C,Artificial Intelligence and Image Processing†
211,Formal Methods in Computer-Aided Design,FMCAD,Unranked,Software engineering
212,Forum on Specification and Design Languages,FDL,C,Data Format†
213,Foundations of Genetic Algorithms,FOGA,A*,Artificial Intelligence and Image Processing†
214,Foundations of Software Science and Computational Structures,FOSSACS,A,Computer Software†
215,Foundations of Software Technology and Theoretical Computer Science,FST&TCS,National: India,Computation Theory and Mathematics†
216,Frontiers in Education,FIE,B,Rank: B
217,Fundamental Approaches to Software Engineering,FASE,B,Computer Software†
218,Genetic and Evolutionary Computations,GECCO,A,Engineering†
219,Geometry Modeling and Processing,GMP,B,Computation Theory and Mathematics†
220,"GI International Conference on Detection of Intrusions and Malware, and Vulnerability Assessment",DIMVA,C,Computer Software†
221,Graph Drawing,GD,A,Computation Theory and Mathematics†
222,Graphics Interface,GI,B,Artificial Intelligence and Image Processing†
223,Haskell Workshop,HASKELL,C,Computer Software†
224,HCist - International Conference on Health and Social Care Information Systems and Technologies,HCist,Unranked,Applied computing
225,Health Informatics Conference,HIC,Australasian C,Information Systems†
226,Heterogeneity in Computing Workshop,HCW,B,Distributed Computing†
227,Human System Interaction,HSI,C,Information Systems†
228,Human-Agent Interaction,HAI,Unranked,centred computing
229,IADIS International Conference Applied Computing,IADIS AC,C,Rank: C
230,IberoAmerican Congress on Pattern Recognition,CIARP,C,"Not removed. Bigger than national.
            
            
            (Data)"
231,IEEE Automatic Speech Recognition and Understanding Workshop,ASRU,C,Artificial Intelligence and Image Processing†
232,IEEE Bioinformatics and Bioengineering,BIBE,C,Computer Software†
233,IEEE Computer Security Foundations Symposium (was CSFW),CSF,A,Computer Software†
234,IEEE Conference on Cognitive and Computational Aspects of Situation Management,CogSIMA,National:USA,Distributed computing and systems software
235,IEEE Conference on Computational Complexity,CCC,A,Computation Theory and Mathematics†
236,IEEE Conference on Computer Vision and Pattern Recognition,CVPR,A*,Artificial Intelligence and Image Processing†
237,IEEE Conference on Local Computer Networks,LCN,A,Computer Hardware†
238,IEEE Conference on Mass Storage Systems and Technologies,MSST,National: USA,Data Format†
239,"IEEE Conference on Systems, Man and Cybernetics",SMC,B,Information Systems†
240,IEEE Conference on Virtual Reality and 3D User Interfaces,VR,A,Artificial Intelligence and Image Processing†
241,IEEE Congress on Evolutionary Computation,CEC,B,Artificial Intelligence and Image Processing†
242,IEEE Congress on Services,SERVICES,B,Information Systems†
243,IEEE Consumer Communications and Networking Conference,IEEE CCNC,B,Distributed Computing†
244,IEEE European Symposium on Security and Privacy,EuroS&P,NEW,Cybersecurity and privacy
245,IEEE Global Internet Symposium,GI,C,Distributed Computing†
246,IEEE Global Telecommunications Conference,GLOBECOM,B,Rank: B
247,IEEE Industry Applications Society Annual Conference,IAS,National: USA,Rank: C
248,IEEE Information Visualization Conference,IEEE InfoVis,A*,Artificial Intelligence and Image Processing†
249,IEEE International Conference on Advanced Video and Signal Based Surveillance,AVSS,B,Communications Technologies†
250,IEEE International Conference on Automatic Face and Gesture Recognition,FG,C,Artificial Intelligence and Image Processing†
251,IEEE International Conference on Autonomic Computing,ICAC,B,Distributed Computing†
252,IEEE International Conference on Cloud Computing,CLOUD,B,Information Systems†
253,IEEE International Conference on Cloud Computing Technology and Science (International Conference on Cloud Computing pre 2010),CloudCom,C,Information Systems†
254,IEEE International Conference on Cluster Computing,CLUSTER,A,Distributed Computing†
255,IEEE International Conference on Cognitive Informatics,ICCI,C,Artificial Intelligence and Image Processing†
256,IEEE International Conference on Computer and Information Technology,CIT,C,Information and Computing Sciences†
257,IEEE International Conference on Computer Communications,INFOCOM,A*,Distributed Computing†
258,IEEE International Conference on Computer Vision,ICCV,A*,Artificial Intelligence and Image Processing†
259,IEEE International Conference on Cybernetics and Intelligent Systems,CIS,C,Artificial Intelligence and Image Processing†
260,IEEE International Conference on Data Mining,ICDM,A*,Data Format†
261,IEEE International Conference on Data Science and Engineering,ICDSE,National:India,Data management and data science
262,IEEE International Conference on Distributed Computing in Sensor Systems,DCOSS,B,Distributed Computing†
263,IEEE International Conference on Document Analysis and Recognition,ICDAR,A,"Field of Research 0801 added.
            
            
            (Data)"
264,IEEE International Conference on e-Science and Grid Computing,e-Science,A,Distributed Computing†
265,"IEEE international conference on ehealth networking applications and
 services (was International Workshop on Enterprise Networking and Computing in Health Care Industry; changed 2006)",HealthCom,C,Information Systems†
266,IEEE International Conference on Engineering of Complex Computer Systems,ICECCS,A,Communications Technologies†
267,IEEE International Conference on Fuzzy Systems,FUZZ-IEEE,A,Artificial Intelligence and Image Processing†
268,IEEE International Conference on Global Software Engineering,ICGSE,C,Computer Software†
269,IEEE International Conference on High Performance Computing and Communications,HPCC,B,Distributed Computing†
270,IEEE International Conference on High Performance Computing and Simulation,IEEE HPCS,B,Distributed Computing†
271,IEEE International Conference on Image Processing,ICIP,B,Artificial Intelligence and Image Processing†
272,IEEE International Conference on Information and Automation,IEEE ICIA,National: China,Artificial Intelligence and Image Processing†
273,IEEE International Conference on Information Reuse and Integration,IRI,National: USA,Data Format†
274,IEEE International Conference on Intelligence and Security Informatics,ISI,C,Computer Software†
275,IEEE International Conference on Intelligent Computer Communication and Processing,ICCP,National: Romania,Artificial Intelligence and Image Processing†
276,IEEE International Conference on Intelligent Systems,IEEE IS,C,Artificial Intelligence and Image Processing†
277,IEEE International Conference on Mobile Ad-hoc and Sensor Systems,MASS,B,Computer Hardware†
278,IEEE International Conference on Multimedia and Expo,ICME,B,Artificial Intelligence and Image Processing†
279,IEEE International Conference on Pervasive Computing and Communications,PERCOM,A*,Distributed Computing†
280,"IEEE International Conference on Program Comprehension (previously IWPC, changed in 2006)",ICPC,C,Computer Software†
281,IEEE International Conference on Robotics and Automation,ICRA,B,Rank: B
282,"IEEE International Conference on Sensing, Communication and Networking",SECON,B,Computer Hardware†
283,IEEE International Conference on Service-Oriented Computing and Applications,SOCA,C,Information Systems†
284,IEEE International Conference on Services Computing,SCC,A,Information Systems†
285,"IEEE International Conference on Software Maintenance and Evolution (prior to 2014 was ICSM, IEEE International Conference on Software Maintenance)",ICSME,A,Computer Software†
286,IEEE International Conference on Visual Communications and Image Processing (was SPIE ... pre 2011),VCIP,B,Artificial Intelligence and Image Processing†
287,IEEE International Conference on Web Services,ICWS,A,Information Systems†
288,"IEEE International Conference on Wireless and Mobile Computing, Networking and Communications",WiMob,B,"Request to rerank this from C to A. Decision to rank it as B.
            
            
            (Data)
            
            
            
            (Decision)"
289,IEEE International Enterprise Distributed Object Computing Conference,EDOC,B,Information Systems†
290,IEEE International Geoscience and Remote Sensing Symposium,IGARSS,C,Artificial Intelligence and Image Processing†
291,IEEE International Joint Conference on Neural Networks,IJCNN,A,Artificial Intelligence and Image Processing†
292,IEEE International On-Line Testing Symposium,IOLTS,C,Computer Software†
293,IEEE International Parallel and Distributed Processing Symposium (was IPPS and SPDP),IPDPS,A,Distributed Computing†
294,IEEE International Performance Computing and Communications Conference,IPCCC,B,Distributed Computing†
295,IEEE International Requirements Engineering Conference,RE,A,Computer Software†
296,"IEEE International Symposium on a World of Wireless, Mobile and Multimedia Networks",WoWMoM,A,Computer Hardware†
297,IEEE International Symposium on Adaptive Dynamic Programming and Reinforcement Learning,IEEE ADPRL,C,Computation Theory and Mathematics†
298,IEEE International Symposium on Artificial Life,IEEE Alife,A,Artificial Intelligence and Image Processing†
299,"IEEE International Symposium on Cluster, Cloud and Grid Computing",CCGRID,A,Distributed Computing†
300,IEEE International Symposium on High Assurance Systems Engineering,HASE,B,Computer Software†
301,IEEE International Symposium on Information Theory,ISIT,B,Data Format†
302,IEEE International Symposium on Multimedia,ISM,C,Artificial Intelligence and Image Processing†
303,IEEE International Symposium on Network Computing and Applications,NCA,A,Distributed Computing†
304,IEEE International Symposium on Parallel and Distributed Processing with Applications,ISPA,B,Distributed Computing†
305,IEEE International Symposium on Performance Analysis of Systems and Software,ISPASS,B,Computer Software†
306,IEEE International Symposium on Personal and Indoor Mobile Radio Conference,PIMRC,B,Computer Hardware†
307,IEEE International Symposium on Rapid System Prototyping (was IEEE Symposium on Rapid Prototyping),RSP,C,Computer Software†
308,IEEE International Symposium on Real-Time Distributed Computing,ISORC,C,Distributed Computing†
309,IEEE International Symposium on Wearable Computers,ISWC,A*,Information Systems†
310,IEEE International Working Conference on Mining Software Repositories,MSR,A,Data Format†
311,IEEE International Working Conference on Software Visualisation,VISSOFT,B,Artificial Intelligence and Image Processing†
312,IEEE International Workshop on Quality of Service,IWQoS,B,Distributed Computing†
313,IEEE International Workshop on Source Code Analysis and Manipulation,SCAM,C,Computer Software†
314,IEEE LAN/MAN Workshop,LANMAN,C,Rank: C
315,IEEE Network Operations and Management Symposium,NOMS,B,Computer Hardware†
316,IEEE Pacific Visualization Symposium (was APVIS),PacificVis,B,Artificial Intelligence and Image Processing†
317,IEEE Real-Time and Embedded Technology and Applications Symposium,RTAS,A,Computer Hardware†
318,IEEE Software Engineering Workshop,SEW,C,Computer Software†
319,IEEE Swarm Intelligence Symposium,IEEE SIS,C,Artificial Intelligence and Image Processing†
320,IEEE Symposium on Computational Intelligence and Data Mining,CIDM,C,Data Format†
321,IEEE Symposium on Computational Intelligence for Financial Engineering,IEEE CIFEr,C,Artificial Intelligence and Image Processing†
322,IEEE Symposium on Computational intelligence for Multimedia Signal and Vision Processing,IEEE CIMSIVP,C,Artificial Intelligence and Image Processing†
323,IEEE Symposium on Computational Intelligence for Security and Defence Applications,IEEE CISDA,C,Artificial Intelligence and Image Processing†
324,IEEE Symposium on Computational Intelligence in Bioinformatics and Computational Biology,CIBCB,C,Artificial Intelligence and Image Processing†
325,IEEE Symposium on Computational Intelligence in Control and Automation,IEEE CICA,C,Artificial Intelligence and Image Processing†
326,IEEE Symposium on Computational Intelligence in Cyber Security,IEEE CICS,C,Distributed Computing†
327,IEEE Symposium on Computer Arithmetic,ARITH,C,Computer Software†
328,IEEE Symposium on Computers and Communications,ISCC,B,Information and Computing Sciences†
329,IEEE Symposium on Field Programmable Custom Computing Machines,FCCM,A,Computer Software†
330,IEEE Symposium on Foundations of Computer Science,FOCS,A*,Computation Theory and Mathematics†
331,IEEE Symposium on High-Performance Interconnects,HOTI,National: USA,Distributed Computing†
332,IEEE Symposium on Logic in Computer Science,LICS,A*,Computation Theory and Mathematics†
333,IEEE Symposium on Security and Privacy,SP,A*,Computer Software†
334,IEEE Symposium on Visual Analytics Science and Technology,IEEE VAST,C,Computation Theory and Mathematics†
335,IEEE Symposium on Visual Languages and Human-Centric Computing (was VL),VL/HCC,B,Information Systems†
336,IEEE Tencon (IEEE Region 10 Conference),Tencon,C,Computer Hardware†
337,IEEE Vehicular Technology Conference,VTC,B,Automotive Engineering†
338,IEEE Visualization,IEEE VIS,A,Artificial Intelligence and Image Processing†
339,IEEE Wireless Communications and Networking Conference,WCNC,B,Computer Hardware†
340,IEEE Workshop on Applications of Computer Vision,WACV,A,Artificial Intelligence and Image Processing†
341,IEEE Workshop on High Performance Switching and Routing,HPSR,C,Communications Technologies†
342,IEEE/ACIS International Conference on Computer and Information Science,ICIS,C,Information and Computing Sciences†
343,IEEE/ACM International Conference on Computer-Aided Design,ICCAD,A,Artificial Intelligence and Image Processing†
344,IEEE/ACM International Symposium on Mixed and Augmented Reality,ISMAR,A*,Artificial Intelligence and Image Processing†
345,IEEE/IFIP International Conference on Dependable Systems and Networks,DSN,A,Computer Software†
346,IEEE/IFIP International Conference on Embedded and Ubiquitous Computing,EUC,C,Information Systems†
347,IEEE/RSJ International Conference on Intelligent Robots and Systems,IROS,A,Manufacturing Engineering†
348,IEEE/WIC/ACM International Joint Conferences on Web Intelligence and Intelligent Agent Technology,WI-IAT,B,Artificial Intelligence and Image Processing†
349,IFAC Conference on System Structure and Control,SSSC,C,Computer Software†
350,"IFAC Symposium on Fault Detection, Supervision and Safety of Technical Processes",SAFEProcess,C,Communications Technologies†
351,IFIP Information Security & Privacy Conference,IFIP SEC,B,Information Systems†
352,IFIP International Conference on Distributed Applications and Interoperable Systems,DAIS,B,Distributed Computing†
353,IFIPÂ International Conference on Network and Parallel Computing,NPC,C,Distributed Computing†
354,IFIP International Conference on Networking,Networking,A,Computer Hardware†
355,"IFIP International Symposium on Computing Performance, Modelling, Measurement and Evaluation",PERFORMANCE,A,Computer Software†
356,IFIP TC13 Conference on Human-Computer Interaction,Interact,A,Design Practice and Management†
357,IFIP WG 11.3 Working Conference on Data and Applications Security (also known as DBSEC),DBSEC,B,Distributed Computing†
358,IFIP Working Conferences on Virtual Enterprises,PRO-VE,C,Information Systems†
359,IFSA World Congress,IFSA,B,Artificial Intelligence and Image Processing†
360,IMA International Conference on Cryptography and Coding,IMACC,B,Data Format†
361,Image and Vision Computing Conference,IVCNZ,Australasian B,Artificial Intelligence and Image Processing†
362,Inductive Logic Programming,ILP,B,Computation Theory and Mathematics†
363,Industrial Simulation Conference,ISC,C,Information Systems†
364,Information Hiding and Multimedia Security Workshop,IH&MMSec,C,Data Format†
365,Information Integration and Web-based Applications and Services,IIWAS,C,Information Systems†
366,Information Processing in Sensor Networks,IPSN,A*,Computer Hardware†
367,Information Security Conference,ISC,B,Information Systems†
368,Information Security Practice and Experience Conference,ISPEC,B,Computer Software†
369,Information Security Symposium,CERIAS,National: USA,Computer Software†
370,Information Theory Workshop,ITW,B,Data Format†
371,Information Visualisation Theory and Practice,InfVis,C,Artificial Intelligence and Image Processing†
372,Information Visualization in Biomedical Informatics,IVBI,C,Artificial Intelligence and Image Processing†
373,Informing Science and Information Technology Education,InSITE,C,Other Information and Computing Sciences†
374,Innovations in Theoretical Computer Science,ITCS,A,Theory of computation
375,Innovative Applications in AI,IAAI,B,Artificial Intelligence and Image Processing†
376,Int. Workshop on Formal Methods for Industrial Critical Systems,FMICS,C,Computation Theory and Mathematics†
377,Integrated Formal Methods,IFM,B,Computation Theory and Mathematics†
378,Intelligent Data Analysis,IDA,A,Data Format†
379,Intelligent Distributed Computing,IDC,Unranked,Distributed computing and systems software
380,Intelligent Systems in Molecular Biology,ISMB,A,Computer Software†
381,Intelligent Vehicles Conference,IEEE-IV,B,Rank: B
382,Intelligent Virtual Agents,IVA,B,Artificial Intelligence and Image Processing†
383,Intenational Environmental Modelling and Software Society,iEMSs,C,Rank: C
384,Interactive Entertainment,IE,Australasian C,Other Information and Computing Sciences†
385,International and Interdisciplinary Conference on Modelling and Using Context,CONTEXT,C,Computation Theory and Mathematics†
386,International Baltic Conference on Databases and Information Systems,DB&IS,Regional - Baltic,Data Format†
387,International Colloquium on Automata Languages and Programming,ICALP,A,Computation Theory and Mathematics†
388,International Colloquium on Structural Information and Communication Complexity,SIROCCO,B,Computation Theory and Mathematics†
389,International Colloquium on Theoretical Aspects of Computing,ICTAC,B,Computation Theory and Mathematics†
390,International Computer Science Symposium in Russia,CSR,National: Russia,Computation Theory and Mathematics†
391,International Computer Software and Applications Conference,COMPSAC,B,Computer Software†
392,International Computing Education Research Workshop,ICER,B,Other Information and Computing Sciences†
393,"International Conference Abstract State Machines, Alloy, B, TLA, VDM, and Z (Previously International Conference of B and Z Users, ZB, changed in 2008)",ABZ,C,Computer Software†
394,International Conference and Exhibition on High Performance Computing in the Asia-Pacific Region,HPC Asia,B,Distributed Computing†
395,International Conference and Workshops on Algorithms and Computation,WALCOM,C,Computation Theory and Mathematics†
396,"International Conference for High Performance Computing, Networking, Storage and Analysis (was Supercomputing Conference)",SC,A,Distributed Computing†
397,International Conference Formal Concept Analysis Conference,ICFCA,C,Artificial Intelligence and Image Processing†
398,International Conference in Business Process Management,BPM,A,Information Systems†
399,International Conference on AD-HOC Networks and Wireless,ADHOC-NOW,B,Communications Technologies†
400,International Conference on Advanced and Trusted Computing (was International Conference on Autonomic and Trusted Computing),ATC,C,Computer Software†
401,International Conference on Advanced Computing and Communications,AdCom,National: India,Distributed Computing†
402,International Conference on Advanced Data Mining and Applications,ADMA,B,Data Format†
403,International Conference on Advanced Information Networking and Applications (was ICOIN),AINA,B,Distributed Computing†
404,International Conference on Advanced Information Systems Engineering,CaiSE,A,Information Systems†
405,International Conference on Advances in Computer-Human Interactions,ACHI,C,Information Systems†
406,International Conference on Advances in Mobile Computing and Multimedia,MOMM,B,Design Practice and Management†
407,International Conference on Affective Computing and Intelligent,ACII,C,Artificial Intelligence and Image Processing†
408,International Conference on Agents and Artificial Intelligence,ICAART,C,Artificial Intelligence and Image Processing†
409,International Conference on Algorithms and Architectures for Parallel Processing,ICA3PP,B,Distributed Computing†
410,International Conference on Algorithms and Complexity (was Italian Conference ),CIAC,C,Computation Theory and Mathematics†
411,International Conference on Applied Cryptography and Network Security,ACNS,B,Computer Software†
412,International Conference on Artificial Intelligence,IC-AI,National: USA,Artificial Intelligence and Image Processing†
413,International Conference on Artificial Intelligence and Law,ICAIL,C,Artificial Intelligence and Image Processing†
414,International Conference on Artificial Intelligence and Soft Computing,ICAISC,National: Poland,Artificial Intelligence and Image Processing†
415,International Conference on Artificial Intelligence and Statistics,AISTATS,A,Artificial Intelligence and Image Processing†
416,International Conference on Artificial Intelligence in Education,AIED,A,Artificial Intelligence and Image Processing†
417,"International Conference on Artificial Intelligence: Methodology, Systems, Applications",AIMSA,National: Bulgaria,Artificial Intelligence and Image Processing†
418,International Conference on Artificial Neural Networks,ICANN,B,Artificial Intelligence and Image Processing†
419,International Conference on Artificial Reality and Telexistance & Eurographics Symposium on Virtual Environments,EGVE,B,Computation Theory and Mathematics†
420,International Conference on Automated Deduction,CADE,A,Artificial Intelligence and Image Processing†
421,International Conference on Automated Planning and Scheduling,ICAPS,A*,Communications Technologies†
422,"International Conference on Availability, Reliability and Security",ARES,B,Computer Software†
423,"International Conference on Broadband Communications, Networks and Systems",Broadnets,B,Communications Technologies†
424,International Conference on Case-Based Reasoning,ICCBR,B,Artificial Intelligence and Image Processing†
425,"International Conference on Collaborative Computing: Networks, Applications and Worksharing",CollaborateCom,C,Information Systems†
426,International Conference on Communication Systems and Applications,ICCSA,C,Rank: C
427,International Conference on Compiler Construction,CC,A,Computer Software†
428,"International Conference on Compilers, Architecture, and Synthesis for Embedded Systems",CASES,A,Computer Hardware†
429,"International Conference on Complex, Intelligent and Software Intensive Systems",CISIS,C,Distributed Computing†
430,International Conference on Computability and Complexity in Analysis,CCA,C,Computation Theory and Mathematics†
431,International Conference on Computational Collective Intelligence,ICCCI,C,Artificial Intelligence and Image Processing†
432,International Conference on Computational Creativity,ICCC,Unranked,Information and Computing Sciences
433,International Conference on Computational Intelligence and Security,CIS,National: China,Computer Software†
434,International Conference on Computational Linguistics,COLING,A,Artificial Intelligence and Image Processing†
435,International Conference on Computational Molecular Biology,RECOMB,B,Computation Theory and Mathematics†
436,International Conference on Computational Science,ICCS,A,Computation Theory and Mathematics†
437,International Conference on Computational Science and its Applications,ICCSA,C,Computation Theory and Mathematics†
438,International Conference on Computer Analysis of Images and Patterns,CAIP,B,Artificial Intelligence and Image Processing†
439,International Conference on Computer Communication and Networks,ICCCN,A,Distributed Computing†
440,"International Conference on Computer Safety, Reliability and Security",SAFECOMP,B,Computer Software†
441,International Conference on Computer Supported Cooperative Work in Design,CSCWD,B,Design Practice and Management†
442,International Conference on Computer Vision Systems,ICVS,C,Artificial Intelligence and Image Processing†
443,International Conference on Computers and their Applications,CATA,National: USA,Information and Computing Sciences†
444,International Conference on Computers Helping People with Special Needs,ICCHP,C,Other Information and Computing Sciences†
445,International Conference on Computers in Education,ICCE,B,Other Information and Computing Sciences†
446,International Conference on Computing and Combinatorics,COCOON,National:China,Computation Theory and Mathematics†
447,International Conference on Computing and Informatics,ICOCI,C,Information Systems†
448,International Conference on Conceptual Modelling,ER,A,Data Format†
449,International Conference on Conceptual Structures,ICCS,B,Computation Theory and Mathematics†
450,International Conference on Concurrency Theory,CONCUR,A,Computation Theory and Mathematics†
451,"International Conference on Control, Automation, Robotics and Vision",ICARCV,A,Geomatic Engineering †
452,International Conference on Cooperative Information Systems,CoopIS,A,Information Systems†
453,International Conference on Coordination Models and Languages,Coordination,B,Computer Software†
454,International Conference on Cryptology and Network Security,CANS,B,Computer Software†
455,International Conference on Cryptology in India,INDOCRYPT,National: India,Data Format†
456,International Conference on Cyberworlds (was International Symposium on Cyberworlds),CW,B,Computation Theory and Mathematics†
457,International Conference on Data Engineering,ICDE,A*,Data Format†
458,International Conference on Database and Expert Systems Applications,DEXA,B,Information Systems†
459,International Conference on Database Systems for Advanced Applications,DASFAA,B,duplicate record was ranked A
460,International Conference on Database Theory,ICDT,A,Data Format†
461,International Conference on Dependability of Computer Systems,DEPCoS,National: Poland,Computer Software†
462,"International Conference on Dependable, Autonomic and Secure Computing",DASC,C,Computer Software†
463,International Conference on Digital Society,ICDS,C,Other Information and Computing Sciences†
464,International Conference on Discrete Geometry for Computer Imagery,DGCI,C,Computation Theory and Mathematics†
465,International Conference on Distributed Computing and Internet Technologies,ICDCIT,National: India,Distributed Computing†
466,International Conference on Distributed Computing and Networking,ICDCN,National: India,Distributed Computing†
467,International Conference on Distributed Computing Systems,ICDCS,A,Distributed Computing†
468,International Conference on Dublin Core and Metadata Applications,DC,C,Data Format†
469,International Conference on Electronic Commerce,ICEC,C,Information Systems†
470,International Conference on Embedded and Real Time Computing Systems and Applications,RTCSA,B,Computer Hardware†
471,International Conference on Embedded Wireless Systems and Networks (wasEuropean Conference on Wireless Sensor Networks),EWSN,A,Communications Technologies†
472,International Conference on Emerging Ubiquitous Systems and Pervasive Networks,EUSPN,Unranked,Distributed computing and systems software
473,International Conference on Engineering Applications of Neural Networks,EANN,C,Artificial Intelligence and Image Processing†
474,International Conference on Entertainment Computing,ICEC,C,Information Systems†
475,International Conference on Evaluation and Assessment in Software Engineering,EASE,A,Computer Software†
476,International Conference on Evaluation of Novel Approaches to Software Engineering,ENASE,B,Computer Software†
477,International Conference on Formal Engineering Methods,ICFEM,B,Computer Software†
478,International Conference on Formal Ontology in Information Systems,FOIS,A,Information Systems†
479,International Conference on Frontiers of Handwriting Recognition,ICFHR,B,Artificial Intelligence and Image Processing†
480,International Conference on Frontiers of Information Technology,FIT,National: Pakistan,Information and Computing Sciences†
481,International Conference on Functional Programming,ICFP,A*,Computer Software†
482,International Conference on Generative Programming and Component Engineering,GPCE,B,Computer Software†
483,International Conference on Graph Transformations,ICGT,B,Computation Theory and Mathematics†
484,"International Conference on Green, Pervasive and Cloud Computing (was Grid and Pervasive Computing)",GPC,C,Distributed Computing†
485,"International Conference on Hardware/Software Codesign and System Synthesis (previously ISSN, changed in 2003)",CODES+ISSS,C,Information Systems†
486,"International Conference on Heterogeneous Networking for Quality, Reliability, Security and Robustness (was International Conference on Quality of Service in Heterogeneous Wired/Wireless Networks)",Qshine,B,Computer Hardware†
487,International Conference on High Performance Computing,HiPC,National: India,Distributed Computing†
488,International Conference on High Performance Scientific Computing,HPSC,National: Vietnam,Distributed Computing†
489,International Conference on Human Factors in Computing Systems,CHI,A*,Design Practice and Management†
490,International Conference on Human-Computer Interaction with Mobile Devices and Services,MobileHCI,B,Information Systems†
491,International Conference on Hybrid Artificial Intelligence Systems,HAIS,National: Spain,Artificial Intelligence and Image Processing†
492,International Conference on Hybrid Intelligent Systems,HIS,C,Artificial Intelligence and Image Processing†
493,International Conference on Image Analysis and Processing,ICIAP,National: Italy,Artificial Intelligence and Image Processing†
494,International Conference on Image Analysis and Recognition,ICIAR,C,Artificial Intelligence and Image Processing†
495,International Conference on Image and Graphics,ICIG,National: China,Artificial Intelligence and Image Processing†
496,International Conference on Image and Signal Processing,ICISP,C,Artificial Intelligence and Image Processing†
497,International Conference on Implementation and Application of Automata,CIAA,B,Artificial Intelligence and Image Processing†
498,International Conference on Industrial and Engineering Applications of Artificial Intelligence and Expert Systems,IEA/AIE,B,Artificial Intelligence and Image Processing†
499,International Conference on Information and Communication Technologies and Development,ICTD,C,Information and Computing Sciences†
500,International Conference on Information and Communication Technologies in Tourism,ENTER,C,Information Systems†
501,International Conference on Information and Communications Security,ICICS,B,Computer Software†
502,International Conference on Information and Knowledge Engineering,IKE,National: USA,Artificial Intelligence and Image Processing†
503,International Conference on Information Fusion,FUSION,C,Computation Theory and Mathematics†
504,International Conference on Information Processing and Management of Uncertainty,IPMU,C,Information Systems†
505,International Conference on Information Security and Cryptography,SECRYPT,B,Data Format†
506,International Conference on Information Security and Cryptology,ICISC,National: Korea,Data Format†
507,International Conference on Information Systems Security,ICISS,National: India,Computer Software†
508,International Conference on Information Technology and Applications,ICITA,Australasian C,Information and Computing Sciences†
509,International Conference on Information Technology: Coding and Computing,ITCC,C,Computer Software†
510,International Conference on Information Visualisation,IV,B,Design Practice and Management†
511,International Conference on Innovations for Community Services (was Innovative Internet Computer Systems IICS until 2014),I4CS,C,Information Systems†
512,International Conference on Integration of Artificial Intelligence and Operations Research Techniques in Constraint Programming for Combinatorial Optimization Problems,CPAIOR,B,Artificial Intelligence and Image Processing†
513,International Conference on Intelligent Data Engineering and Automated Learning,IDEAL,C,Information and Computing Sciences†
514,"International Conference on Intelligent Software Methodologies, Tools, and Techniques (was International Conference on Software Methods and Tools)",SoMeT,B,Computer Software†
515,International Conference on Intelligent Systems and Knowledge Engineering,ISKE,National: China,Artificial Intelligence and Image Processing†
516,International Conference on Intelligent Systems Designs and Applications,ISDA,C,Artificial Intelligence and Image Processing†
517,International Conference on Intelligent Text Processing and Computational Linguistics,CICLING,B,Artificial Intelligence and Image Processing†
518,International Conference on Intelligent Tutoring Systems,ITS,A,Artificial Intelligence and Image Processing†
519,International Conference on Intelligent User Interfaces,IUI,A,Information Systems†
520,"International Conference on Interactive Digital Storytelling (2008 merger of ""ICVS International Conference on Virtual Storytelling"" and ""TIDSE Technology for Interactive Digital Storytelling"")",ICIDS,C,Other Information and Computing Sciences†
521,International Conference on Internet and Web Applications and Services,ICIW,C,Information Systems†
522,International Conference on Internet Computing in Science and Engineering,ICICSE,C,Distributed Computing†
523,International Conference on Internet Monitoring and Protection,ICIMP,C,Computer Software†
524,International Conference on Internet Technologies and Applications,ITA,National: USA,Information Systems†
525,International Conference on Knowledge Engineering and Knowledge Management,EKAW,B,Information Systems†
526,International Conference on Knowledge Engineering and Ontology Development,KEOD,C,Artificial Intelligence and Image Processing†
527,"International Conference on Knowledge Science, Engineering and Management",KSEM,B,Artificial Intelligence and Image Processing†
528,International Conference on Knowledge-Based and Intelligent Information and Engineering Systems,KES,B,Information Systems†
529,International Conference on Language and Automata Theory and Applications,LATA,C,Computation Theory and Mathematics†
530,International Conference on Legal Knowledge and Information Systems,JURIX,C,Information Systems†
531,International Conference on Logic Programming,ICLP,A,Computation Theory and Mathematics†
532,International Conference on Logic Programming and Non-monotonic Reasoning,LPNMR,A,Computation Theory and Mathematics†
533,International Conference on Machine Learning,ICML,A*,Artificial Intelligence and Image Processing†
534,International Conference on Machine Learning and Applications,ICMLA,C,Artificial Intelligence and Image Processing†
535,International Conference on Machine Learning and Cybernetics,ICMLC,National: China,Artificial Intelligence and Image Processing†
536,International Conference on Machine Vision,ICMV,C,Artificial Intelligence and Image Processing†
537,International Conference on Managed Programming Languages and Runtimes (was ManLang and previously Principles and Practice of Programming in Java: PPPJ),MPLR,C,Computer Software†
538,International Conference on Management of Data,COMAD,National: India,Information Systems†
539,International Conference on Management of Digital EcoSystems,MEDES,Unranked,Distributed computing and systems software
540,International Conference on Mobile and Ubiquitous Systems: Networks and Services,Mobiquitous,A,Distributed Computing†
541,International Conference on Mobile Data Management,MDM,C,Data Format†
542,International Conference on Mobile Systems and Pervasive Computing,MobiSPC,Unranked,Distributed computing and systems software
543,"International Conference on Mobile Ubiquitous Computing, Systems, Services and Technologies",UBICOMM,C,Distributed Computing†
544,"International Conference on Model Driven Engineering Languages and Systems (Previously UML, changed in 2005)",MODELS,A,Information Systems†
545,International Conference on Model Transformation,ICMT,B,Computer Software†
546,International Conference on Modelling and Simulation (was ESM European Simulation MultiConference),ECMS,B,Computation Theory and Mathematics†
547,International Conference on Modelling Decisions for Artificial Intelligence,MDAI,B,Artificial Intelligence and Image Processing†
548,International Conference on Multimedia Modelling,MMM,C,Information Systems†
549,International Conference on Multimedia Retrieval (previously MIR),ICMR,B,Data Format†
550,International Conference on Multimodal Interaction (was International Conference on Multimodal Interfaces),ICMI,B,Information Systems†
551,International Conference on Natural Computation,ICNC,National: China,Artificial Intelligence and Image Processing†
552,International Conference on Network and Service Management (amalgamation of DSOM and related workshops from 2010),CNSM,B,Distributed Computing†
553,International Conference on network and System Security,NSS,B,Computer Software†
554,International Conference on Network Protocols,ICNP,A,Computer Hardware†
555,International Conference on Neural Information Processing,ICONIP,A,Artificial Intelligence and Image Processing†
556,International Conference on Optimization: Techniques And Applications,ICOTA,C,Computation Theory and Mathematics†
557,International Conference on Pairing-based Cryptography,Pairing,C,Data Format†
558,"International Conference on Parallel and Distributed Computing, Applications and Technologies",PDCAT,B,Distributed Computing†
559,International Conference on Parallel and Distributed Processing Techniques and Applications,PDPTA,National: USA,Distributed Computing†
560,International Conference on Parallel and Distributed Systems,ICPADS,B,Distributed Computing†
561,International Conference on Parallel Architecture and Compilation Techniques,PACT,A,Distributed Computing†
562,International Conference on Parallel Processing,ICPP,A,Distributed Computing†
563,International Conference on Parallel Processing and Applied Mathematics,PPAM,National: Poland,Distributed Computing†
564,International Conference on Pattern Recognition,ICPR,B,Artificial Intelligence and Image Processing†
565,International Conference on Practice and Theory in Public Key Cryptography,PKC,B,Computer Software†
566,International Conference on Principles and Practice of Constraint Programming,CP,A,Computer Software†
567,International Conference on Principles and Practice of Declarative Programming,PPDP,B,Computer Software†
568,International Conference on Principles of Distributed Systems,OPODIS,B,Distributed Computing†
569,International Conference on Principles of Practice in Multi-Agent Systems (prior to 2009 was Pacific Rim International Workshop on Multi-Agents),PRIMA,B,Artificial Intelligence and Image Processing†
570,International Conference on Principles of Security and Trust,POST,Unranked,Cybersecurity and privacy
571,"International Conference on Probabilistic, Combinatorial, and Asymptotic Methods in the Analysis of Algorithms (was Conference on Analysis of Algorithms)",AofA,B,Computation Theory and Mathematics†
572,International Conference on Provable Security,ProvSec,B,Computer Software†
573,International Conference on Recent Advances in Natural Language Processing,RANLP,National: bulgaria,Artificial Intelligence and Image Processing†
574,International Conference on Relational and AlgebraicMethods in Computer Science (was International Conference on Relational Methods in Computer Science RelMiCS),RAMiCS,C,Computation Theory and Mathematics†
575,International Conference on Reliable Software Technologies,Ada-Europe,B,Computer Software†
576,International Conference on Research Challenges in Information Science,RCIS,B,Information Systems†
577,International Conference on Risks and Security of Internet and Systems,CRiSIS,C,Computer Software†
578,"International Conference on Robotics, Vision, Signal Processing and Power Applications (was ROVPIA)",RoVISP,National: Malaysia,Manufacturing Engineering†
579,International Conference on Runtime Verification (was workshop pre 2010),RV,C,Computer Software†
580,International Conference on Scientific and Statistical Data Base Management,SSDBM,A,Data Format†
581,International Conference on Security and Privacy for Communication Networks,SecureComm,B,Computer Software†
582,International Conference on Security of Information and Networks,SIN,C,Computer Software†
583,International Conference on Semantics Knowledge and Grid,SKG,National: China,Information Systems†
584,International Conference on Sequences and their Applications,SETA,B,Computation Theory and Mathematics†
585,International Conference on Service Oriented Computing,ICSOC,A,Distributed Computing†
586,International Conference on Smart homes and health Telematics,ICOST,C,Applied computing
587,International Conference on Software and Data Technologies,ICSoft,B,Computer Software†
588,International Conference on Software and System Processes (was ICSP prior to 2011),ICSSP,A,Computer Software†
589,International Conference on Software Architecture (was previously WICSA),ICSA,NEW,Computer Software†
590,International Conference on Software Engineering,ICSE,A*,Computer Software†
591,International Conference on Software Engineering Advances,ICSEA,C,Computer Software†
592,International Conference on Software Engineering and Formal Methods,SEFM,B,Computer Software†
593,International Conference on Software Engineering and Knowledge Engineering,SEKE,B,Computer Software†
594,"International Conference on Software Engineering, Artificial Intelligence, Networking and Parallel/Distributed Computing",SNPD,C,Information and Computing Sciences†
595,International Conference on Software Language Engineering,SLE,B,Computer Software†
596,International Conference on Software Quality Management,SQM,C,Computer Software†
597,International Conference on Software Reuse,ICSR,B,Computer Software†
598,"International Conference on Software Testing, Verification and Validation",ICST,A,Computer Software†
599,International Conference on Sustainable Energy Information Technology,SEIT,Unranked,Distributed computing and systems software
600,International Conference on Systems Engineering,ICSEng,C,Computer Software†
601,International Conference on Tests and Proofs,TAP,B,Computer Software†
602,International Conference on the Application and Theory of Petri Nets and Concurrency,ICATPN,B,Computation Theory and Mathematics†
603,International Conference on the Foundations of Digital Games,FDG,C,Artificial Intelligence and Image Processing†
604,International Conference on the Principles of Knowledge Representation and Reasoning,KR,A*,Computation Theory and Mathematics†
605,International Conference on the Quality of Information and Communications Technology,QUATIC,C,Software engineering
606,International Conference on the Simulation and Synthesis of Living Systems,ALIFE,A,Artificial Intelligence and Image Processing†
607,International Conference on the Statistical Analysis of Textual Data,JADT,C,Data Format†
608,International Conference on the Theory and Application of Cryptographic Techniques,EuroCrypt,A*,Data Format†
609,International Conference on the Theory and Application of Cryptology and Information Security,ASIACRYPT,A,Data Format†
610,International Conference on the Theory of Information Retrieval,ICTIR,Unranked,Data management and data science
611,International Conference on Theorem Proving with Analytic Tableaux and Related Methods,TABLEAUX,A,Computation Theory and Mathematics†
612,International Conference on Theory and Applications of Satisfiability Testing,SAT,A,Computation Theory and Mathematics†
613,International Conference on Theory and Practice of Digital Libraries (was ECDL until 2010),TPDL,B,Rank: A
614,International Conference on Tools with Artificial Intelligence,ICTAI,B,Artificial Intelligence and Image Processing†
615,"International Conference on Trust, Privacy and Security in Digital Business",TrustBus,B,Computer Software†
616,"International Conference on Trust, Security and Privacy in Computing and Communications",TrustCom,A,Computer Software†
617,International Conference on Ubiquitous Intelligence and Computing,UIC,B,Artificial Intelligence and Image Processing†
618,International Conference on Unconventional Computation and Natural Computation (was International Conference on Unconventional Computation),UC,C,Computation Theory and Mathematics†
619,"International Conference on User Modelling, Adaptation, and Personalization (was AH and UM)",UMAP,B,"Rank change from B to A rejected. Argument based solely on being merger of two A venues. Not unequivocally supported. This round made only limited unequivocal changes.
            
            
            (Data)"
620,International Conference on Very Large Databases,VLDB,A*,Data Format†
621,International Conference on Virtual Execution Environments,VEE,A,Computer Software†
622,International Conference on Virtual Rehabilitation,ICVR,Unranked,Artificial Intelligence and Image Processing†
623,International Conference on Virtual Systems and MultiMedia,VSMM,B,Design Practice and Management†
624,International Conference on VLSI Design,VLSID,National: India,Communications Technologies†
625,International Conference on Web and Social Media,ICWSM,Unranked,Artificial Intelligence and Image Processing†
626,International Conference on Web Engineering,ICWE,B,Information Systems†
627,International Conference on Web Information Systems and Technologies,WEBIST,C,Information Systems†
628,International Conference on Web Information Systems Engineering,WISE,A,Distributed Computing†
629,"International Conference: Sciences of Electronics, Technologies of information and Telecommunication",SETIT,Unranked,Information and Computing Sciences
630,"International Conferences in Central Europe on Computer Graphics, Visualization and Computer Vision",WSCG,National: Czecholslovakia,Artificial Intelligence and Image Processing†
631,International Congress on Computational and Applied Mathematics,ICCAM,C,Computation Theory and Mathematics†
632,International Congress on Modelling and Simulation,MODSIM,Australasian C,Artificial Intelligence and Image Processing†
633,International CSI Computer Conference,CSICC,National: Iran,Computation Theory and Mathematics†
634,International Database Engineering and Applications Symposium,IDEAS,B,Data Format†
635,International European Conference on Parallel and Distributed Computing (was International Conference on Parallel Processing),EuroPar,A,Rank: A
636,International FLINS Conference on Robotics and Artificial Intelligence (was International Fuzzy Logic and Intelligent technologies in Nuclear Science Conference),FLINS,B,Artificial Intelligence and Image Processing†
637,International Frontiers of Algorithmics Workshop,FAW,National: China,Computation Theory and Mathematics†
638,International Joint Conference on Artificial Intelligence,IJCAI,A*,Artificial Intelligence and Image Processing†
639,International Joint Conference on Automated Reasoning,IJCAR,A*,Artificial Intelligence and Image Processing†
640,"International Joint Conference on Autonomous Agents and Multiagent Systems (previously the International Conference on Multiagent Systems, ICMAS, changed in 2000)",AAMAS,A*,Artificial Intelligence and Image Processing†
641,"International Joint Conference on Knowledge Discovery, Knowledge Engineering and Knowledge Management",IC3K,C,Technology†
642,International Joint Conference on Natural Language Processing,IJCNLP,B,Artificial Intelligence and Image Processing†
643,International Joint Conference on Rough Sets (2014 International Conference on Rough Sets and Current Trends in Computing joined with 3 others),IJCRS (was RSCTC),C,Artificial Intelligence and Image Processing†
644,International KES Symposium on Agents and Multiagent systems - Technologies and Applications,KES AMSTA,C,Artificial Intelligence and Image Processing†
645,International Machine Vision and Image Processing Conference,IMVIP,National: ireland,Artificial Intelligence and Image Processing†
646,"International Meeting on High Performance Computing for Computational Science (previously International Meeting Vector and Parallel Processing, changed in 2002)",VECPAR,B,Distributed Computing†
647,International Natural Language Generation Conference,INLG,B,Artificial Intelligence and Image Processing†
648,International Network Optimization Conference,INOC,C,Computation Theory and Mathematics†
649,International Picture Coding Symposium,PCS,C,Communications Technologies†
650,International Semantic Web Conference,ISWC,A,Data Format†
651,International Symposium on Algorithmic Game Theory,SAGT,B,Computation Theory and Mathematics†
652,International Symposium on Algorithms and Computation,ISAAC,A,Computation Theory and Mathematics†
653,International Symposium on Algorithms and Experiments for  Wireless Networks,Algosensors,C,"Request to add as B. Decision to rank as C.
            
            
            (Data)
            
            
            
            (Decision)"
654,International Symposium on Applied Computational Intelligence and Informatics,SACI,National: Romania,Artificial Intelligence and Image Processing†
655,International Symposium on Applied Machine Intelligence and Informatics,SAMI,National: slovakia,Artificial Intelligence and Image Processing†
656,International Symposium on Artificial Intelligence and Mathematics,ISAIM,National: USA,Computation Theory and Mathematics†
657,International Symposium on Artificial Life and Robotics,AROB,C,Artificial Intelligence and Image Processing†
658,International Symposium on Automated Technology for Verification and Analysis,ATVA,A,Computer Software†
659,International Symposium on Automation and Robotics in Construction,ISARC,C,Manufacturing Engineering†
660,International Symposium on Autonomous Decentralized Systems,ISADS,C,Distributed Computing†
661,International Symposium on Code Generation and Optimization,CGO,A,Computer Software†
662,International Symposium on Combinatorial Optimisation,ISCO,C,Computation Theory and Mathematics†
663,International Symposium on Computational Geometry,SoCG,A,Computation Theory and Mathematics†
664,International Symposium on Computer and Information Sciences,ISCIS,C,Information Systems†
665,International Symposium on Computer Architecture and High Performance Computing,SBAC-PAD,B,Distributed Computing†
666,International Symposium on Distributed Computing (was WDAG),DISC,A,Distributed Computing†
667,International Symposium on Distributed Simulation and Real Time Applications,DS-RT,B,Information Systems†
668,International Symposium on Empirical Software Engineering and Measurement,ESEM,A,Computer Software†
669,International Symposium on Experimental Algorithms,SEA,B,Computation Theory and Mathematics†
670,International Symposium on Formal Methods (was Formal Methods Europe FME),FM,A,Computation Theory and Mathematics†
671,International Symposium on Foundations of Intelligent Systems,ISMIS,C,Artificial Intelligence and Image Processing†
672,International Symposium on Functional and Logic Programming,FLOPS,National: Japan,Computation Theory and Mathematics†
673,International Symposium on Fundamentals of Computation Theory,FCT,A,Computation Theory and Mathematics†
674,International Symposium on Grids and Clouds (was International Symposium on Grid Computing),ISGC,C,Distributed Computing†
675,International Symposium on High Performance Computer Architecture,HPCA,A*,Computer Software†
676,International Symposium on Information and Communication Technologies,ISICT,C,Information and Computing Sciences†
677,International Symposium on Information Assurance and Security,IAS,C,Data Format†
678,International Symposium on Information Theory and Its Applications,ISITA,B,Data Format†
679,International Symposium on Innovations in Intelligent Systems and Applications,INISTA,C,Artificial Intelligence and Image Processing†
680,International Symposium on Intelligent and Interactive Multimedia: Systems and Services,KES IIMSS,C,Information Systems†
681,International Symposium on Intelligent Systems and Informatics,SISY,National: serbia,Information Systems†
682,International Symposium on Latin American Theoretical Informatics,LATIN,B,Computation Theory and Mathematics†
683,"International Symposium on Leveraging Applications of Formal Methods, Verification and Validation",ISoLA,C,Computation Theory and Mathematics†
684,International Symposium on Logic-based Program Synthesis and Transformation,LOPSTR,B,Computation Theory and Mathematics†
685,International Symposium on Mathematical Foundations of Computer Science,MFCS,A,Computation Theory and Mathematics†
686,International Symposium on Memory Management,ISMM,A,Computer Software†
687,"International Symposium on Modelling and Optimization in Mobile, Ad Hoc, and Wireless Networks",WiOpt,B,Computer Hardware†
688,"International Symposium on Networks, Computers and Communications",ISNCC,Unranked,Distributed computing and systems software
689,International Symposium on Neural Networks,ISNN,C,Artificial Intelligence and Image Processing†
690,International Symposium on Open Collaboration (was International Symposiums on Wikis),OPENSYM,B,Computer Software†
691,International Symposium on Parallel and Distributed Computing,ISPDC,C,Distributed Computing†
692,"International Symposium on Parallel Architectures, Algorithms and Networks",I-SPAN,B,Distributed Computing†
693,International Symposium on Parameterized and Exact Computation (was IWPEC pre 2004),IPEC,B,Computation Theory and Mathematics†
694,International Symposium on Robotics Research,ISRR,A,Manufacturing Engineering†
695,International Symposium on Software Reliability Engineering,ISSRE,A,Computer Software†
696,International Symposium on Software Testing and Analysis,ISSTA,A,Computer Software†
697,International Symposium on Spatial and Temporal Databases,SSTD,A,Geomatic Engineering †
698,International Symposium on Spatial Data Handling,SDH,C,Urban and Regional Planning†
699,International Symposium on Spatial Data Quality,ISSDQ,C,Geomatic Engineering †
700,International Symposium on String Processing and Information Retrieval,SPIRE,B,Data Format†
701,International Symposium on Symbolic and Algebraic Computation,ISSAC,A*,Computation Theory and Mathematics†
702,International Symposium on Symbolic and Numeric Algorithms for Scientific Computing,SYNASC,National: romania,Computation Theory and Mathematics†
703,International Symposium on Technology and Society,ISTAS,C,Other Information and Computing Sciences†
704,International Symposium on Temporal Representation and Reasoning,TIME,B,Computation Theory and Mathematics†
705,International Symposium on the Mathematical Theory of Networks and Systems,MTNS,C,Distributed Computing†
706,International Symposium on Theoretical Aspects of Computer Science,STACS,A,Computation Theory and Mathematics†
707,International Symposium on Theoretical Aspects of Software Engineering,TASE,National: China,Computer Software†
708,International Symposium on Ubiquitous Virtual Reality,ISUVR,National: S. Korea,Artificial Intelligence and Image Processing†
709,International Symposium on Visual Computing,ISVC,National: USA,Artificial Intelligence and Image Processing†
710,International Telecommunication Networks and Applications Conference (was Australian Telecommunication Networks and Applications Conference),ITNAC,Australasian C,Communications Technologies†
711,International Teletraffic Congress,ITC,Unranked,Distributed computing and systems software
712,International Visualization in Transportation Symposium,TRB,National: USA,Artificial Intelligence and Image Processing†
713,International Wordnet Conference (Global Wordnet Conference),GWC,C,Data Format†
714,International Work-Conference on Artificial and Natural Neural Networks,IWANN,National: Spain,Artificial Intelligence and Image Processing†
715,International Work-conference on the Interplay between Natural and Artificial Computation,IWINAC,National:Spain,Artificial intelligence
716,International Workshop on Agents and Data Mining Interaction,ADMI,B,Artificial Intelligence and Image Processing†
717,International Workshop on Approximation Algorithms for Combinatorial Optimization Problems,APPROX,A,Computation Theory and Mathematics†
718,International Workshop on Coding and Cryptography,WCC,B,Data Format†
719,International Workshop on Combinations of Intelligent Methods and Applications,CIMA,C,Artificial Intelligence and Image Processing†
720,International Workshop on Combinatorial Algorithm,IWOCA,B,Computation Theory and Mathematics†
721,International Workshop on Combinatorial Image Analysis: Theory and Applications,IWCIA,C,Computation Theory and Mathematics†
722,"International Workshop on Coordination, Organizations, Institutions, Norms and Ethics for Governance of Multi-Agent Systems (Ethics added 2020)",COINE,B,Artificial Intelligence and Image Processing†
723,International Workshop on Critical Information Infrastructures Security,CRITIS,C,Computer Software†
724,International Workshop on Data Warehousing and OLAP,DOLAP,B,Data Format†
725,International Workshop on Developments in Computational Models,DCM,C,Computation Theory and Mathematics†
726,International Workshop on Digital Watermarking,IWDW,C,Data Format†
727,International Workshop on Document Analysis Systems,DAS,B,"Field of Research 0801 added.
            
            
            (Data)"
728,International Workshop on Enterprise and Organizational Modelling and Simulation,EOMAS,C,Information Systems†
729,International Workshop on Fast Software Encryption,FSE,B,Data Format†
730,International Workshop on Formal Methods for interactive Systems,FMIS,C,Information Systems†
731,International Workshop on Functional and (Constraint) Logic Programming,WFLP,C,Computation Theory and Mathematics†
732,International Workshop on Graph-Theoretic Concepts in Computer Science,WG,A,Computation Theory and Mathematics†
733,International workshop on High-Level Parallel Programming and Applications,HLPP,C,Distributed Computing†
734,International Workshop on High-Level Parallel Programming Models and Supportive Environments,HIPS,C,Distributed Computing†
735,International Workshop on Information Security Applications,WISA,National: korea,Computer Software†
736,International Workshop on Modelling in Software Engineering,MISE,C,Computer Software†
737,International Workshop on MultiAgent Based Simulation,MABS,C,Artificial Intelligence and Image Processing†
738,International Workshop on Multimedia Signal Processing,MMSP,B,Computer Hardware†
739,International Workshop on Post-Quantum Cryptography,PQCrypto,C,Data Format†
740,International Workshop on Principles of Diagnosis,DX,B,Rank: B
741,International Workshop on Randomization and Computation,RANDOM,A,Computation Theory and Mathematics†
742,International Workshop on Requirements Engineering: Foundation for Software Quality,REFSQ,B,Computer Software†
743,International Workshop on Security,IWSEC,National: Japan,Computer Software†
744,International Workshop on Soft Computing Applications,SOFA,National: Romania,Artificial Intelligence and Image Processing†
745,International Workshop on Software and Compilers for Embedded Systems,SCOPES,A,Communications Technologies†
746,International Workshop on the Algorithmic Foundations of Robotics,WAFR,C,Computation Theory and Mathematics†
747,International Workshop on the Web and Databases,WebDB,National: USA,Information Systems†
748,International Workshop on Visualization for Cyber Security,VizSec,C,Computer Software†
749,International Workshop on Web and Wireless Geographical Information Systems,W2GIS,C,Geomatic Engineering †
750,International Workshops on Enabling Technologies: Infrastructures for Collaborative Enterprises,WETICE,B,Artificial Intelligence and Image Processing†
751,International World Wide Web Conference,WWW,A*,Information Systems†
752,Internet Measurement Conference,IMC,A,Information Systems†
753,Interspeech (combined EuroSpeech and ICSLP in 2000),Interspeech,A,Artificial Intelligence and Image Processing†
754,ISC High Performance (was International Supercomputing Conference),ISC,C,Distributed Computing†
755,ISCA International Conference on Computer Applications in Industry and Engineering,CAINE,C,Information and Computing Sciences†
756,Joint Conference of the International Workshop on Software Measurement and the International Conference on Software Process and Product Measurement (IWSM and Mensura combined from 2007),IWSM Mensura,C,Data Format†
757,"Joint Conference on Computer Vision, Imaging and Computer Graphics Theory and Applications (GRAPP and VISAPP combined from 2008)",VISIGRAPP,B,Artificial Intelligence and Image Processing†
758,KES International Symposium on Intelligent Decision Technologies,KES IDT,C,Artificial Intelligence and Image Processing†
759,Knowledge capture,K-CAP,A,Data Format†
760,Knowledge Domain Visualisation,KDViz,National: UK,Artificial Intelligence and Image Processing†
761,Knowledge Visualization and Visual Thinking,KV,C,Artificial Intelligence and Image Processing†
762,Language Resources and Evaluation Conference,LREC,C,Rank: C
763,Logic Programming and Automated Reasoning,LPAR,A,Computation Theory and Mathematics†
764,Logical Foundations of Computer Science,LFCS,National: USA,Computation Theory and Mathematics†
765,"Logics in Artificial Intelligence, European Conference",JELIA,A,Computation Theory and Mathematics†
766,Machine Translation Summit,MT SUMMIT,B,Artificial Intelligence and Image Processing†
767,Machine Vision Applications,MVA,National: japan,Artificial Intelligence and Image Processing†
768,"Machines, Computations and Universality (was Universal Machines and Computations)",MCU,B,Computation Theory and Mathematics†
769,MACIS: International Conference of Mathematical Aspects of Computer and Information Sciences,MACIS,C,Computation Theory and Mathematics†
770,Malaysia International Conference on Communications,MICC,Regional,Rank: Regional
771,Mathematics of Program Construction,MPC,B,Computation Theory and Mathematics†
772,Measurement and Modeling of Computer Systems,SIGMETRICS,A*,Computer Hardware†
773,Medical Image Computing and Computer-Assisted Intervention,MICCAI,A,Biomedical Engineering †
774,Modelling and Optimization: Theory and Applications,MOPTA,National: USA,Computation Theory and Mathematics†
775,National Conference of the American Association for Artificial Intelligence,AAAI,A*,Artificial Intelligence and Image Processing†
776,National Conference of The Australian Society for Operations Research,ASOR,Australasian C,"All Australasian conferences given default rank of Australasian
            
            
            (Data)"
777,Network and Operating System Support for Digital Audio and Video,NOSSDAV,A,Information Systems†
778,New Security Paradigms Workshop,NSPW,C,Data Format†
779,New Zealand Game Developers Conference,NZGDC,Australasian C,Information Systems†
780,North American Association for Computational Linguistics,NAACL,A,Artificial Intelligence and Image Processing†
781,Onward Software Engineering,Onward,C,Computer Software†
782,"Pacific Asia Conference on Language, Information and Computation",PACLIC,B,Artificial Intelligence and Image Processing†
783,Pacific Conference on Computer Graphics and Applications,PG,A,Artificial Intelligence and Image Processing†
784,Pacific Rim International Conference on Artificial Intelligence,PRICAI,B,Artificial Intelligence and Image Processing†
785,Pacific Rim International Symposium on Dependable Computing,PRDC,B,Distributed Computing†
786,Pacific Rim Knowledge Acquisition Workshop,PKAW,B,Computation Theory and Mathematics†
787,Pacific Symposium on Biocomputing,PSB,National: USA,Computer Software†
788,Pacific-Asia Conference on Knowledge Discovery and Data Mining,PAKDD,A,Data Format†
789,Pacific-Rim Conference on Multimedia,PCM,C,Artificial Intelligence and Image Processing†
790,Pacific-Rim Symposium on Image and Video Technology,PSIVT,B,Artificial Intelligence and Image Processing†
791,Parallel Computing,PARCO,C,Distributed Computing†
792,Parallel Problem Solving from Nature,PPSN,A,Artificial Intelligence and Image Processing†
793,Passive and Active Measurement Conference,PAM,B,Information Systems†
794,Pattern Languages of Programs,PLOP,B,Computer Software†
795,Portuguese Conference on Artificial Intelligence,EPIA,Regional,Artificial Intelligence and Image Processing†
796,Practical Applications of Agents and Multiagent Systems,PAAMS,C,Artificial Intelligence and Image Processing†
797,Practical Aspects of Declarative Languages,PADL,B,Computer Software†
798,Practice and Theory of Automated Timetabling,PATAT,B,Computation Theory and Mathematics†
799,Prague Stringology Conference,PSC,National: Poland,Computer Software†
800,Principles and Practice of Parallel Programming,PPoPP,A,Distributed Computing†
801,Privacy Enhancing Technologies Symposium (was International Workshop of Privacy Enhancing Technologies),PETS,B,Computer Software†
802,Privacy in Statistical Databases,PSD,C,Data Format†
803,Product Focused Software Process Improvement,PROFES,B,Computer Software†
804,Real Time Systems Symposium,RTSS,A*,Computer Hardware†
805,Richard Tapia Celebration of Diversity in Computing Conference,Tapia,National: USA,Information and Computing Sciences†
806,Robot Soccer World Cup,RoboCup,B,Artificial Intelligence and Image Processing†
807,RSA Conference,RSA,B,Data Format†
808,Selected Areas in Cryptography,SAC,B,Data Format†
809,Semantics - International Conference on Semantic Systems,Semantics,National: Austria,CORE does not generally rank conferences held in a single country or region. See CORE website for details.
810,SGAI International Conference on Artificial Intelligence,SGAI,National: UK,Artificial Intelligence and Image Processing†
811,SIAM Conference on Discrete Mathematics,DM,C,Computation Theory and Mathematics†
812,SIAM Conference on Optimization,OP,C,Computation Theory and Mathematics†
813,SIAM International Conference on Data Mining,SDM,A,Data Format†
814,SIGdial Workshop on Discourse and Dialog,SIGdial,C,"Rank chnage from C to B rejected. Not sufficiently supported by data.
            
            
            (Data)"
815,SIGGRAPH Asia,SiggraphA,journal published,"All Australasian conferences given default rank of Australasian
            
            
            (Data)"
816,Simulation Technology and Training Conference,SimTecT,Australasian C,Artificial Intelligence and Image Processing†
817,SKLOIS Conference on Information Security and Cryptology,Inscrypt,National: China,Data Format†
818,Smart Card Research and Advanced Application Conference,CARDIS,B,Communications Technologies†
819,Software Process Improvement and Capability Determination,SPICE,C,Computer Software†
820,"Software Quality, Reliability, and Security (was International Conference on Quality Software, QSIC, that merged with SERE 2015)",QRS,B,Computer Software†
821,Static Analysis Symposium,SAS,A,Computation Theory and Mathematics†
822,Structural and Syntactical Pattern Recognition,SSPR,A,Computation Theory and Mathematics†
823,Summer Computer Simulation Conference,SCSC,B,Artificial Intelligence and Image Processing†
824,Symposium Model Analysis and Simulation of Computer and Telecommunications Systems,MASCOTS,A,Computer Hardware†
825,Symposium of Asian Association for Algorithms and Computation,AAAC,C,Computation Theory and Mathematics†
826,Symposium on Advances in DB and Information Systems,ADBIS,B,Information Systems†
827,Symposium on Geometry Processing,SGP,B,Computation Theory and Mathematics†
828,Symposium on High Performance Chips,HOTCHIPS (HCS),A,Rank: A
829,"Symposium on Networked Systems, Design and Implementation",NSDI,National: USA,Distributed Computing†
830,Symposium on Parallelism in Algorithms and Architectures,SPAA,A,Distributed Computing†
831,Symposium on Reliable Distributed Systems,SRDS,A,Distributed Computing†
832,"Symposium on Stabilization, Safety, and Security of Distributed Systems",SSS,C,Distributed Computing†
833,Symposium On Usable Privacy and Security,SOUPS,B,Information Systems†
834,"Tangible, Embedded, and Embodied Interaction",TEI,A,Information Systems†
835,Technology of Object-Oriented Languages and Systems,TOOLS,B,Computer Software†
836,Testbeds and Research Infrastructures for the Development of Networks and Communities,TridentCom,National: China,Distributed Computing†
837,The International Conference on Future Networks and Communications,FNC,Unranked,Distributed computing and systems software
838,The International Conference on Intelligent Environments,IE,C,Information and Computing Sciences
839,The International Conference on Verification and Evaluation of Computer and Communication Systems,VECoS,Unranked,Software engineering
840,"The International Symposium on Research in Attacks, Intrusions and Defenses (was International Symposium on Recent Advances in Intrusion Detection)",RAID,A,Data Format†
841,The Symposium of Combinatorial Search,SoCS,Unranked,Artificial intelligence
842,The Theory and Application of Diagrams,DIAGRAMS,B,Artificial Intelligence and Image Processing†
843,Theoretical Aspects of Rationality and Knowledge,TARK,A,Computation Theory and Mathematics†
844,Theory of Cryptography Conference,TCC,A,Data Format†
845,Tools and Algorithms for Construction and Analysis of Systems,TACAS,A,Computer Software†
846,Unix Symposium on Internet Technologies,USITS,A,Distributed Computing†
847,Usable Security and Privacy,USEC,National: USA,Computer Software†
848,Usenix Annual Technical Conference,USENIX,A,Information and Computing Sciences†
849,Usenix Network and Distributed System Security Symposium,NDSS,A*,Distributed Computing†
850,Usenix Security Symposium,USENIX-Security,A*,Computer Software†
851,Usenix Symposium on Operating Systems Design and Implementation,OSDI,A*,Computer Software†
852,USENIX Workshop on Hot Topics in Operating Systems,HotOS,A,Computer Software†
853,"Verification, Model Checking and Abstract Interpretation",VMCAI,B,Computer Software†
854,Visual Analytics,EuroVA,C,Artificial Intelligence and Image Processing†
855,Visual Information Communication and Interaction,VINCI,C,Artificial Intelligence and Image Processing†
856,Visualization In Science and Education,GRC,National: USA,Artificial Intelligence and Image Processing†
857,Web and Big Data,APWEB,B,Distributed Computing†
858,Winter Simulation Conference,WSC,B,Artificial Intelligence and Image Processing†
859,Workshop in Information Security Theory and Practices,WISTP,C,Computer Software†
860,Workshop on Algorithm Engineering and Experiments,ALENEX,A,Computation Theory and Mathematics†
861,"Workshop on Algorithmic Approaches for Transportation Modelling, Optimization, and Systems",ATMOS,C,Computation Theory and Mathematics†
862,Workshop on Algorithms And Models For The Web Graph,WAW,C,Computation Theory and Mathematics†
863,Workshop on Algorithms in Bioinformatics,WABI,B,Computation Theory and Mathematics†
864,Workshop on Analytic Algorithmics and Combinatorics,ANALCO,B,Computation Theory and Mathematics†
865,Workshop on Applications of Graph Theory in Wireless Ad hoc Networks and Sensor Networks,Graph-hoc,C,Computation Theory and Mathematics†
866,Workshop on Approximation and Online Algorithms,WAOA,B,Computation Theory and Mathematics†
867,Workshop on Computational Optimization,WCO,C,Computation Theory and Mathematics†
868,Workshop on Computer Architecture Education,WCAE,National: USA,Distributed Computing†
869,Workshop on Constraint Satisfaction for Planning and Scheduling,COPLAS,B,Computation Theory and Mathematics†
870,Workshop on Cryptographic Hardware and Embedded Systems,CHES,A,Computer Software†
871,Workshop on Domain Specific Modelling,DSM,C,Computer Software†
872,Workshop on Fault Diagnosis and Tolerance in Cryptography,FDTC,C,Data Format†
873,Workshop on Formal Techniques for Java-like Programs,FTfJP,C,Computer Software†
874,Workshop on Job Scheduling Strategies for Parallel Processing,JSSPP,B,Distributed Computing†
875,"Workshop on Logic, Language, Information and Computation",WoLLIC,B,Computation Theory and Mathematics†
876,Workshop on Mobile Computing Systems and Applications,HOTMOBILE,National: USA,Distributed Computing†
877,Workshop on Programming Languages and Operating Systems,PLOS,B,Computer Software†
878,Workshop on the Arithmetic of Finite Fields,WAIFI,C,Computation Theory and Mathematics†
879,"World Conference on Educational Multimedia, Hypermedia and Telecommunications",ED-MEDIA,B,Rank: B
880,World Conference on Information Systems and Technologies,WorldCIST,C,Information and Computing Sciences
881,"World Congress in Computer Science, Computer Engineering, and Applied Computing",WORLDCOMP,National: USA,Information and Computing Sciences†
882,"World Multi-Conference on Systemics, Cybernetics and Informatics",WMSCI,National: USA,Rank: C
